first_name,last_name,age,email
bob,soap,23,bob@test.fr
jeo,soap,25,jeosoap@test.fr
marly,soap,24,marly@test.fr
luke,soap,21,luke@test.fr
john,soap,22,john@test.fr
mark,soap,29,mark@test.fr
billy,soap,27,billy@test.fr